{
  "Total" : {
    "transaction" : "Total",
    "sampleCount" : 12,
    "errorCount" : 0,
    "errorPct" : 0.0,
    "meanResTime" : 908.3333333333334,
    "medianResTime" : 372.0,
    "minResTime" : 311.0,
    "maxResTime" : 2494.0,
    "pct1ResTime" : 2411.8,
    "pct2ResTime" : 2494.0,
    "pct3ResTime" : 2494.0,
    "throughput" : 2.2509848058525606,
    "receivedKBytesPerSec" : 0.9525651847683361,
    "sentKBytesPerSec" : 0.9650218064153067
  },
  "kolakUp" : {
    "transaction" : "kolakUp",
    "sampleCount" : 4,
    "errorCount" : 0,
    "errorPct" : 0.0,
    "meanResTime" : 370.5,
    "medianResTime" : 355.5,
    "minResTime" : 311.0,
    "maxResTime" : 460.0,
    "pct1ResTime" : 460.0,
    "pct2ResTime" : 460.0,
    "pct3ResTime" : 460.0,
    "throughput" : 1.604492579221821,
    "receivedKBytesPerSec" : 0.535875451263538,
    "sentKBytesPerSec" : 0.8414184717208183
  },
  "login" : {
    "transaction" : "login",
    "sampleCount" : 4,
    "errorCount" : 0,
    "errorPct" : 0.0,
    "meanResTime" : 2019.75,
    "medianResTime" : 2001.0,
    "minResTime" : 1583.0,
    "maxResTime" : 2494.0,
    "pct1ResTime" : 2494.0,
    "pct2ResTime" : 2494.0,
    "pct3ResTime" : 2494.0,
    "throughput" : 0.8505209440782479,
    "receivedKBytesPerSec" : 0.48506272591962574,
    "sentKBytesPerSec" : 0.23671725494365298
  },
  "status" : {
    "transaction" : "status",
    "sampleCount" : 4,
    "errorCount" : 0,
    "errorPct" : 0.0,
    "meanResTime" : 334.75,
    "medianResTime" : 336.0,
    "minResTime" : 314.0,
    "maxResTime" : 353.0,
    "pct1ResTime" : 353.0,
    "pct2ResTime" : 353.0,
    "pct3ResTime" : 353.0,
    "throughput" : 1.7094017094017093,
    "receivedKBytesPerSec" : 0.624332264957265,
    "sentKBytesPerSec" : 0.8263221153846154
  }
}